0,1,2,3,4,5,6,7,8,9
교보문고 광화문,55,73,78,115,331,702,849,800,831
롯데월드타워&몰,1116,142,155,25,19,212,427,747,457
SM타운 코엑스아티움,155,212,457,747,39,142,1116,972,578
홍대앞 예술시장 프리마켓,20,765,642,12,643,136,653,44,648
광장시장,42,821,765,12,46,797,11,660,126
고투 몰,57,20,12,62,16,35,181,148,25
신세계 백화점 본점,126,43,51,18,29,393,404,747,41
타임스퀘어,821,393,404,136,18,666,624,6,29
가로수길,643,653,642,628,51,15,41,30,644
라인프렌즈 플래그십 스토어 명동역점,214,86,154,565,578,140,69,45,38
스타필드 코엑스몰,18,51,39,29,6,43,15,393,30
통인시장,765,12,4,126,821,71,274,388,942
마장 축산물시장,4,11,765,59,3,5,20,13,181
남대문시장,42,21,918,20,660,44,53,62,16
쌈지길,274,666,1116,563,427,29,24,667,420
롯데백화점 본점,41,29,51,73,393,30,50,643,10
강남 지하상가,19,72,62,25,13,71,53,50,5
중부시장,116,173,563,199,61,57,624,42,90
IFC 몰,43,393,10,404,29,51,6,22,747
동대문 쇼핑몰,16,25,72,457,62,74,41,50,53
동대문 시장,3,13,5,44,62,643,16,12,42
노량진 수산물 도매시장,59,42,13,772,656,918,144,660,4
디큐브시브,18,31,43,10,37,1112,90,502,503
삼성 딜라이트,360,219,159,343,834,1121,238,249,988
카카오프렌즈 홍대 플래그십 스토어,165,274,71,11,1116,14,427,443,35
고속터미널상가,19,53,16,50,62,72,155,683,35
신라면세점,114,1111,214,157,48,99,49,683,134
Unni Tour,424,881,974,968,611,609,491,145,97
현대백화점 압구정본점,90,952,563,61,430,18,29,30,43
커먼그라운드,393,404,41,43,30,15,624,18,6
압구정 로데오 거리,624,393,29,404,10,41,43,621,18
신세계 강남점,90,22,428,401,67,1112,37,952,503
프린세스다이어리 이대점,842,502,784,831,597,407,848,990,521
경동시장,47,188,736,11,193,46,56,213,730
라인 프렌즈 플래그십 스토어 가로수길점,917,698,179,442,865,55,773,831,986
롯데아울렛 서울역점,50,683,38,5,41,39,155,71,19
스타일난다 핑크호텔,39,55,707,806,106,461,51,866,732
아이파크몰,430,22,31,116,90,503,563,28,43
동대문 밀리오레,35,48,49,107,971,182,188,5,50
롯데 영플라자 명동점,10,50,51,35,18,1079,53,155,181
서울약령시장,988,759,726,837,551,147,492,791,137
두타,15,50,51,73,29,393,155,30,621
망원시장,660,13,4,85,918,21,56,624,393
메세나폴리스몰,18,393,404,6,29,437,747,30,51
광희 패션몰,20,13,69,182,971,12,3,56,117
에이랜드,154,99,9,125,533,140,1,180,440
가락시장,765,4,135,871,126,47,653,843,21
양재동 화훼공판장,33,736,193,188,46,56,797,180,213
롯데 면세점 본점,49,38,214,89,486,971,182,80,188
동화 면세점,48,38,107,214,154,971,182,80,140
마리오 아울렛,35,683,41,73,15,16,19,74,25
갤러리아 백화점 본점,41,6,18,10,15,643,136,30,29
창신동 문구 완구 거리,16,736,869,932,1030,19,72,797,538
킴즈 클럽,25,62,181,155,19,16,13,39,72
생활창작가게 KEY,198,79,93,857,1082,752,452,140,432
아크앤북 - 시청점,318,78,331,0,36,849,800,563,514
남평화 상가,736,797,932,193,869,188,42,660,47
명동지하상가,5,62,203,871,148,59,71,16,13
고관한복촬영소 명동점,400,397,519,580,385,844,391,70,79
방산 종합시장,21,12,772,918,85,42,57,656,13
헬로키티아일랜드 in N서울타워,1030,345,247,373,324,309,493,839,292
롯데 피트인,90,563,28,624,136,29,393,22,83
회현 지하 상가,871,683,53,16,13,57,71,5,25
에덴악세사리,1096,68,33,250,114,201,1066,122,196
KT&G 상상마당,1101,497,1105,517,834,1082,119,401,666
동묘벼룩시장,969,726,148,548,557,440,411,69,290
에이피엠 플레이스,141,342,119,187,107,38,70,125,35
가든파이브,417,31,90,430,451,404,401,428,429
Savile Row: Custom Tailor,342,167,951,588,882,607,562,582,528
낙원 악기 상가,44,148,57,25,72,214,9,736,188
동대문 문구거리,38,80,125,397,673,1017,1011,69,1078
동대문종합시장,144,165,20,16,62,1116,11,212,918
서울풍물시장,19,16,29,25,35,13,42,41,71
10 꼬르소 꼬모,660,41,15,393,50,29,683,538,527
그랜드 마트,205,457,19,50,155,821,624,25,16
서울파이낸스센터,53,659,15,943,975,660,181,1116,869
강변 테크노 마트,174,766,190,417,116,503,67,715,563
세운 전자상가,185,172,831,105,71,197,116,846,902
안녕인사동,78,563,453,176,514,554,583,593,958
링고라벨,752,405,452,54,1082,432,151,469,444
종로 귀금속 거리,538,869,932,50,48,49,569,140,188
굿모닝시티,558,140,642,548,440,685,547,397,107
인사동 마루,264,563,319,732,224,235,806,132,78
현대시티아울렛 - 동대문점,90,563,61,28,643,437,84,624,621
천호동 로데오거리,597,784,924,838,842,719,917,865,952
영등포중앙시장,918,42,653,13,144,20,21,16,819
카카오프렌즈 스토어 - 롯데 영플라자 명동점,9,565,578,99,756,1,2,486,972
갤러리 현대,379,347,340,160,351,236,275,295,255
라인프렌즈 - 이대점,180,97,153,491,551,609,611,974,882
Eunnamu,486,564,578,565,538,972,154,613,457
명가,563,503,116,952,31,401,597,784,583
퀸마마마켓,378,372,373,374,375,376,377,379,370
인사아트센터,236,812,235,221,264,379,335,327,149
때때롯살롱,140,79,1082,54,88,119,49,46,531
눈스퀘어,448,500,497,517,481,67,495,183,473
마포 농수산물 시장,172,185,105,61,59,21,90,116,197
페라라 코리아,193,578,126,213,821,697,652,486,565
한복 카페,609,184,424,881,611,974,968,145,491
서울책보고,154,565,578,486,89,972,213,38,214
드림 코스메,214,148,140,613,86,39,45,49,9
한국관광명품점,378,372,373,374,375,376,377,379,370
답십리 고미술상가,180,625,125,140,80,548,117,70,1078
엠플라자,200,511,639,173,835,890,849,563,566
롯데몰 은평점,449,389,90,503,563,417,451,511,401
종로3가 포장마차거리,942,643,108,996,943,975,135,20,656
영천시장,185,172,78,331,197,116,563,174,766
SM면세점 서울점,50,457,61,19,74,683,35,205,155
헬로에이피엠,38,49,971,182,5,613,547,99,125
공덕시장,144,772,918,996,104,1116,529,942,71
유니버설아트센터,849,1127,1126,1088,200,1109,977,453,554
Gana Art Gallery,859,1018,171,327,1080,875,1045,1073,230
YATA(You Are Traveling Artists),469,405,383,444,151,386,387,978,752
에스엠 엔터테인먼트 센터,197,511,479,977,593,583,554,514,958
모래내시장,137,604,305,202,163,484,95,766,159
알파갤러리,26,214,99,2,349,864,194,196,207
하이브랜드 프리미엄 아울렛,0,38,194,196,207,106,430,80,484
암사종합시장,563,90,503,199,766,172,185,174,176
동대문 헌책방 거리,599,971,182,44,613,932,869,558,509
송은 아트스페이스,200,172,185,197,766,1109,174,958,977
뉴뉴 악세사리,128,342,594,141,596,140,49,167,582
갤러리 더 스페이스,865,462,986,571,121,876,554,176,479
학아재미술관,571,958,593,514,583,479,554,176,977
시공간,1066,588,167,455,607,582,861,997,528
아트선재센터,161,332,298,255,283,289,288,92,82
풍월당,878,987,831,800,514,479,453,583,593
디자이너 클럽,547,107,38,45,101,44,140,35,5
서울 밤도깨비 야시장 - 여의도,747,821,765,6,135,871,939,457,144
갤러리 사비나,161,348,227,149,718,304,288,255,289
명동밀리오레,119,70,594,796,596,141,342,115,1082
Kukje Gallery,362,800,200,453,176,583,593,514,479
일요 필리핀 시장,388,843,544,29,942,845,415,656,747
갤러리 아라리오 서울,378,300,292,324,131,799,303,315,372
Kp 갤러리,1124,994,751,554,593,977,453,479,958
Yoon Gallery,178,170,169,813,168,324,171,303,300
젠틀몬스터 패러럴,349,830,183,1123,210,973,55,187,44
종로신진시장,126,871,943,975,643,457,747,421,46
문정동 로데오거리,624,643,212,437,155,747,764,765,7
마천시장,202,163,113,604,305,172,193,185,766
지엔퍼퓸,933,366,1067,857,152,546,870,1111,1081
아트뮤제,305,178,133,137,813,882,170,168,169
콜핑 - 서울남대문점,548,558,969,99,214,49,397,9,93
회현 중고 LP 상가,594,596,183,607,588,582,573,562,528
엔터식스 - 파크에비뉴 한양대점,747,996,1116,155,126,821,1,427,136
댄 - 이태원,1053,796,1054,1063,760,1057,591,567,714
청담삼익시장,1116,871,172,185,108,71,764,765,747
이도,609,184,424,881,611,974,968,145,491
교복몰 - 사당점,575,506,1038,458,1000,692,874,327,851
교복몰 - 홍대점,147,1107,551,759,988,1061,833,1048,566
동명사,5,57,99,69,158,65,59,547,117
Gallery Now,347,335,327,379,263,319,236,282,340
피부를 사랑하는 사람들,378,372,373,374,375,376,377,379,370
스트레치 엔젤스 가로수길 플래그쉽 스토어,405,444,469,111,79,860,452,752,997
종이나무 갤러리,152,1067,934,492,614,997,791,1106,455
니희,147,1107,551,759,988,1061,833,1048,566
장지방,578,89,972,565,486,213,196,194,493
미플 2001아울렛불광점,457,747,53,624,683,212,41,136,1116
예화랑,378,372,373,374,375,376,377,379,370
비트 플렉스,503,563,732,155,190,28,41,90,116
구로시장,558,193,509,163,839,493,148,181,440
동대문지하쇼핑센터,604,202,719,753,163,902,830,551,1107
스타한복,1058,826,601,584,603,471,87,400,580
갤러리위,348,127,123,289,288,255,92,227,251
폼폼페이퍼,378,372,373,374,375,376,377,379,370
소공지하도상가,202,604,116,137,1123,210,183,830,158
JN 쇼핑몰,597,784,199,90,707,142,563,958,977
뚝섬 아름다운 나눔장터,71,24,871,46,5,62,1079,274,144
고요서사,378,372,373,374,375,376,377,379,370
킴스부띠끄,579,951,562,528,167,573,607,582,1066
Trunk Gallery,178,170,169,813,168,324,171,303,300
Moin Gallery,178,170,169,813,168,324,171,303,300
공근혜 갤러리,178,170,169,813,168,324,171,303,300
Art Center Nabi,630,170,169,1056,168,178,133,813,295
인현시장,185,197,766,174,479,453,593,583,977
용답 푸르미르 상가시장,199,563,566,958,977,593,583,554,514
영동전통시장,766,185,172,479,514,453,593,977,583
조니 워커 하우스,378,372,373,374,375,376,377,379,370
대림중앙시장,479,593,583,977,453,176,554,514,849
후지필름스튜디오,177,330,170,133,210,178,830,183,169
현대화랑,178,170,169,813,168,324,171,303,300
죠르노벤띠,986,462,460,563,554,176,453,479,514
선인상가,1078,969,839,493,509,101,625,154,548
시티스타몰,53,975,943,871,5,12,62,765,144
끌리오뷰티,971,599,869,932,509,493,839,486,89
누죤,183,1123,830,163,216,604,596,177,349
Soo Bone,609,184,424,881,611,974,968,145,491
방학동 도깨비시장,185,197,766,174,479,453,593,583,977
구로아트밸리,954,225,1126,1100,137,701,709,802,209
해밀턴,134,349,148,36,183,830,591,1123,567
용산 전자상가,56,33,736,193,47,683,62,213,48
썸띵,831,82,200,994,176,583,958,453,479
엔터식스 - 왕십리역점,503,476,460,563,514,554,583,593,453
지에스25 - 여의도자이점,378,372,373,374,375,376,377,379,370
지에스25 - 올림픽3호점,1110,856,466,761,389,762,209,516,829
지에스25 - 망원 포은로점,839,493,509,730,871,213,56,126,47
랄라블라 - 홍대중앙점,196,207,154,882,533,49,45,115,93
CU - 페럼타워점,378,372,373,374,375,376,377,379,370
아리따움 라이브 - 신촌점,196,207,154,882,533,49,45,115,93
공릉동 도깨비시장,172,185,174,766,514,453,554,958,479
넷마블스토어 - 명동점,54,299,360,168,133,791,169,178,1106
신흥시장,164,116,173,597,784,719,90,765,707
청색종이,453,176,977,958,479,514,554,593,583
웅갤러리,201,326,377,1056,354,338,307,264,630
종각지하쇼핑센터,604,159,753,163,1123,210,183,137,830
메사,13,57,683,62,29,644,918,71,20
마루존 김치 백화점,372,593,453,554,583,479,977,514,176
뷰티플렉스 명동,74,457,683,975,943,556,599,1116,976
Gallery Luminarie,378,372,373,374,375,376,377,379,370
얼짱몸짱 - 홍제점,196,207,154,882,533,49,45,115,93
남구로시장,597,784,199,142,164,105,842,719,418
가산카메라,209,709,466,590,807,369,575,370,309
K 리그 오피셜 스토어,183,1123,830,163,216,604,596,177,349
국제디지털사진관,378,372,373,374,375,376,377,379,370
목동 로데오거리,136,155,765,747,764,6,51,19,144
청하 플러스,154,578,193,730,188,126,565,486,972
제일 자수정,48,49,99,9,486,154,89,578,140
교복몰 - 잠실점,378,372,373,374,375,376,377,379,370
바이레도 서울,177,330,170,133,210,178,830,183,169
한국 전쟁 기념관,373,286,364,363,309,231,341,268,246
국립중앙박물관,245,798,361,373,728,279,799,300,378
그레뱅뮤지엄,403,230,237,239,400,281,249,360,272
경복궁,725,478,654,713,729,616,620,662,913
삼성미술관 리움,379,264,235,250,227,630,372,849,340
서울 역사 박물관,244,121,228,253,225,268,231,372,270
트릭아이뮤지엄 서울,230,288,718,483,400,465,688,219,403
예술의전당,1109,319,82,329,298,227,1076,235,251
국립 민속 박물관,640,228,231,244,222,291,364,1118,302
서대문 형무소 역사관,315,300,131,833,378,328,324,292,641
국립현대미술관 서울관,235,221,236,304,240,329,251,264,356
국립 고궁 박물관,244,336,225,243,235,234,222,758,640
러브뮤지엄,290,673,1017,969,405,509,493,839,252
박물관은살아있다 인사동점,223,799,688,219,239,400,483,474,245
대한민국 역사 박물관,640,225,241,222,768,364,368,273,217
문화역서울 284,630,374,364,92,225,264,330,339,307
국립국악원,333,358,309,1103,280,271,336,1084,352
롯데월드 민속박물관,262,253,279,849,336,244,243,228,631
아라리오뮤지엄 인 스페이스,227,264,221,295,240,372,204,236,319
서울 시립 미술관,295,92,379,340,240,298,227,221,235
청와대 사랑채,249,280,281,339,807,293,368,312,219
화폐 금융 박물관,315,131,300,378,324,328,292,293,244
3D블랙아트 박물관,1083,309,385,230,403,219,260,290,223
대림 미술관,235,236,319,871,975,943,221,227,250
세종이야기 • 충무공이야기,231,768,368,640,228,222,330,299,238
풋볼팬타지움,323,352,768,249,238,268,272,241,237
한국 가구 박물관,728,228,234,129,339,865,372,671,356
세종대왕 기념관,222,228,372,315,571,234,758,631,225
국립 한글 박물관,218,798,273,246,361,279,323,373,799
전쟁과 여성 인권 박물관,245,323,799,300,378,292,131,324,328
서대문 자연사 박물관,359,313,60,358,373,309,509,493,839
한양도성박물관,268,330,285,323,760,1063,1054,768,364
우표박물관,237,364,590,370,268,254,253,281,238
디뮤지엄,296,221,379,340,304,240,319,329,264
63 스카이 아트,329,304,227,319,221,235,264,82,224
놀이똥산,950,1055,290,932,182,869,971,509,309
뮤지엄김치간,234,952,279,994,296,262,222,868,90
국립중앙박물관 어린이박물관,358,270,522,873,333,249,253,336,1007
덕수궁 미술관,289,275,227,303,351,161,123,317,288
청계천 박물관,768,681,323,757,739,665,1029,817,759
테지움 서울,367,988,268,640,341,230,799,373,279
절두산 순교 성지,1053,817,662,681,711,1043,676,669,1019
서울상상나라,1116,994,1071,512,871,144,943,975,410
부엉이 박물관,864,239,289,230,87,255,288,799,82
북촌 전망대,751,754,734,173,778,622,658,563,800
국기원,234,279,253,173,1127,622,244,17,746
서울 미술관,347,149,379,327,278,340,344,801,317
아모레퍼시픽미술관,82,235,221,372,379,563,319,332,307
안중근의사 기념관,760,1063,1053,1054,371,686,1062,829,825
허준 박물관,287,279,291,225,1045,315,729,271,641
아름다운 차박물관,358,487,333,1016,743,352,857,1040,238
한성 백제 박물관,248,368,276,1043,798,249,222,323,373
연세대학교 박물관,339,314,298,292,131,378,300,328,817
국립민속박물관 어린이박물관,336,358,254,372,333,244,228,222,204
국립국악박물관,928,954,291,233,630,737,232,302,266
서울 애니메이션 센터,403,352,254,219,223,410,230,242,321
배재학당역사박물관,302,245,316,328,292,300,131,324,378
라뜰리에,14,11,165,24,375,1116,666,71,1070
덕수궁미술관,255,295,347,307,171,351,283,236,87
암사동선사주거지 원시생활전시관,368,382,268,1043,798,373,801,1065,344
윤동주 문학관,300,324,131,292,328,378,1064,630,339
성곡미술관,319,751,263,356,1052,304,149,327,329
서울대학교병원 의학박물관,367,293,234,262,253,755,309,768,245
가회민화박물관,237,312,339,321,812,233,630,281,249
불교중앙박물관,370,590,237,321,311,249,812,280,219
서울시립미술관 남서울분관,347,149,263,327,335,379,320,1115,289
소마미술관,347,379,307,340,123,351,350,92,275
DMC홍보관,1043,768,268,816,496,323,739,368,350
서울 올림픽 기념관,372,751,809,132,248,684,476,381,319
피규어뮤지엄,712,217,345,373,501,509,493,839,341
농업 박물관,266,270,241,225,280,367,343,279,321
서울대학교 미술관,227,799,748,123,161,289,223,255,718
경인 미술관,304,255,263,123,161,288,227,251,474
트릭 월드,558,969,229,673,397,65,140,412,557
석조전 대한제국역사관,788,678,763,769,795,620,662,271,641
육군박물관,378,300,292,324,131,799,303,315,372
기생충박물관,279,368,315,339,238,755,237,373,367
KT스퀘어,370,590,321,311,249,967,281,209,763
금호미술관,236,235,379,340,221,275,240,347,227
일민미술관,329,250,347,304,319,264,235,253,221
손기정 기념관,378,372,373,374,375,376,377,379,370
숙명여자대학교박물관,317,236,347,92,123,224,221,356,149
세계장신구박물관,768,330,198,323,368,328,324,364,292
Mokin Museum,378,300,292,324,131,799,303,315,372
백범김구기념관,1061,1059,293,1064,365,364,315,729,1060
이리자 한복전시관,273,292,378,328,131,324,291,300,225
쎈토이뮤지엄&쇼룸,324,328,378,292,131,300,338,169,178
호림 박물관 신사 분관,329,800,296,356,227,250,251,289,372
갤러리 학고재,139,133,178,169,170,168,813,137,161
지구촌 민속 박물관,228,339,225,640,728,293,1115,361,238
환기 미술관,347,332,264,1099,201,92,351,283,275
뮤지엄 김치간,309,755,279,373,358,1118,311,798,369
꼭두 박물관,373,358,333,377,338,775,209,354,709
한상수자수박물관,310,338,589,354,377,358,352,333,322
독도체험관,370,590,923,281,321,294,308,313,249
한국 자수 박물관,280,339,374,812,237,728,243,356,298
수도국산 달동네박물관,359,509,493,805,839,1071,1017,247,646
동림매듭박물관,547,182,932,869,971,509,839,493,60
서울 세관 박물관,328,292,300,324,131,378,244,339,238
호림아트센터 신사분관,273,379,328,324,131,300,378,292,264
서소문 성지역사박물관,347,298,296,379,149,263,236,304,273
북촌 동양 문화 박물관,800,485,754,987,55,849,479,554,453
간송 미술관,278,751,240,149,329,264,356,235,250
플라토,347,296,149,335,327,379,263,772,282
우정 박물관,590,370,281,280,709,775,589,346,209
Jong Ie Nara Paper Art Museum,365,326,352,358,350,1118,201,292,324
The Korean National Police Heritage Museum,768,330,299,1043,245,840,268,242,246
옹기 민속 박물관,378,300,292,324,131,799,303,315,372
쇳대박물관,1047,1063,1054,760,1060,662,854,1019,657
한원미술관,131,300,201,292,324,328,378,1099,630
김종영미술관,335,149,379,347,263,340,92,278,320
명인박물관,378,300,292,324,131,799,303,315,372
토탈 미술관,304,251,296,78,331,319,250,227,414
시몬느 핸드백 박물관,216,177,768,299,248,323,368,238,328
갤러리현대,78,563,453,176,514,554,583,593,958
아트선재센터,379,307,264,292,131,328,300,378,324
생명과학체험박물관,358,233,309,352,373,336,270,254,353
산악박물관,358,590,370,353,310,309,333,722,403
겸재정선미술관,379,149,347,327,340,92,250,263,320
"떡,부엌살림박물관",228,270,375,234,917,333,442,372,717
BK성형박물관,378,372,373,374,375,376,377,379,370
박을복자수박물관,338,377,309,1099,801,310,344,768,303
리아나 화장박물관,728,812,315,237,280,312,293,243,228
한국미술박물관,379,347,236,295,250,221,240,263,149
은평역사한옥박물관,712,708,217,640,222,286,225,230,231
청하고려 인삼박물관,951,562,588,573,528,607,167,579,882
서울특별시교육청과학전시관,178,589,170,813,169,168,133,23,287
한의약 박물관,344,354,803,804,355,338,927,960,377
국립서울과학관,182,971,797,599,286,712,60,397,932
전태일 기념관,346,1067,321,870,1069,526,138,676,749
호림 박물관 신림 본관,379,263,340,351,317,283,296,149,327
K현대미술관,161,127,373,123,320,329,305,379,718
서울중앙우체국,349,830,183,1123,210,973,55,187,44
The Museum of Photography,324,131,328,292,300,378,630,326,283
경운박물관,347,303,379,307,283,87,275,255,340
한국잡지박물관,358,799,310,353,333,242,272,254,354
분재박물관,310,338,589,354,377,358,352,333,322
울트라건축박물관,338,377,309,1099,801,310,344,768,303
도산 안창호 기념관,927,803,804,606,1042,960,576,786,487
화정박물관,372,204,304,319,235,278,227,221,298
북촌 생활사박물관,817,1062,377,354,338,757,629,739,1031
한국 금융사 박물관,333,309,233,352,373,270,254,310,353
식민지역사박물관,493,839,509,313,869,446,932,193,501
디지털파빌리온,198,216,177,23,219,461,70,86,249
서울 생활사박물관,798,373,378,292,328,324,131,300,1118
한전아트센터,129,1087,1089,278,751,200,800,1109,1103
서울교육박물관,769,763,380,742,724,699,246,217,750
동대문운동장기념관,133,763,178,769,170,813,169,168,249
아르코미술관,813,168,829,133,714,170,169,178,322
House of Go Hui-dong,933,455,791,769,960,492,763,355,1042
경희대학교 자연사박물관,279,309,851,257,354,709,338,775,377
Mongchon Museum of History,768,293,276,268,299,1043,330,798,237
포스코센터,709,209,1097,775,591,567,970,1118,854
윤봉길 의사 기념관,370,321,281,775,589,209,709,311,294
난지미술창작스튜디오,718,161,714,829,123,589,348,322,329
Andong Soju Traditional Food Museum,204,381,131,378,328,324,300,292,453
로봇 박물관,309,217,358,798,361,378,303,300,292
티움,1118,232,312,1115,328,300,303,131,177
브이센터,457,943,975,527,756,747,155,1116,486
티벳박물관,338,377,354,309,344,801,1099,292,201
단국대학교석주선기념박물관,338,377,309,1099,801,310,344,768,303
동대문역사관1398,378,300,292,324,131,799,303,315,372
초전섬유ㆍ퀼트박물관,340,347,221,300,131,292,324,378,328
서울함 공원,699,363,1064,364,305,365,248,246,217
Korean Film Archive,372,566,204,176,378,479,300,453,593
용산공원갤러리,276,798,466,1065,268,245,870,218,226
서울이스케이프룸 홍대2호점,469,111,786,405,1092,384,386,452,545
서울이스케이프룸 - 강남1호점,386,710,990,476,994,111,485,800,469
리얼이스케이프 챌린지,505,405,840,239,58,401,947,392,860
서울이스케이프룸 - 강남2호점,384,868,469,111,571,990,537,387,476
서울 에스케이프 룸 홍대점,443,427,457,747,142,512,480,1116,469
잠실 야구 경기장,942,130,11,660,42,443,29,845,975
서울숲,1002,856,103,1006,1003,1001,711,390,626
올림픽 공원,1026,1003,1006,1033,952,1022,1032,856,389
삼삼오오 한복 북촌한옥마을점,548,947,595,104,480,411,832,1078,397
캣 카페 고양이 놀이터,940,540,417,103,164,430,451,542,555
메가박스 코엑스몰점,29,404,18,43,30,7,624,15,41
런닝맨 인사동점,978,526,1078,403,413,223,383,490,111
블루 스퀘어,420,918,1070,660,1116,952,1109,1046,667
CGV 용산,430,399,417,503,511,429,423,401,37
삼삼오오 한복 경복궁점,844,548,969,558,140,1009,547,290,408
한복남,869,558,932,547,797,538,598,56,844
CGV 왕십리,396,428,190,418,417,430,451,442,90
꽃같은한복,483,58,397,465,160,580,687,688,223
CGV 영등포,503,952,90,417,31,563,28,511,422
명동 실탄 사격장,558,440,578,839,493,509,74,30,644
다이나믹 메이즈,219,272,358,807,309,239,252,254,333
롯데시네마 롯데월드,393,43,29,18,747,30,6,7,430
COLOR POOL MUSEUM,469,151,444,111,452,860,79,752,791
남산서울타워 한복문화체험관,571,868,511,563,831,204,121,958,514
코카,838,837,986,462,896,890,886,848,637
원데이 한복,565,832,117,1011,1121,397,869,558,932
메가박스 강남,427,871,975,943,1116,459,683,421,443
키자니아 서울,565,578,989,89,972,486,154,1011,512
아이엔티스튜디오,998,950,869,932,989,814,421,538,598
명동 고양이다락방,1122,541,427,642,764,765,420,142,437
리얼야구존 홍대점,405,452,79,394,385,111,469,151,444
메가박스 목동,90,503,422,329,437,401,417,441,952
CGV 청담 씨네시티,747,457,996,624,43,486,89,437,126
파라다이스 카지노 워커힐,976,848,502,442,924,835,637,890,462
CGV 목동,952,401,67,90,430,940,429,31,392
CGV 명동역,451,179,429,425,842,430,719,417,542
씨네큐브 광화문,200,425,121,571,958,977,593,583,554
퍼피 스푼,1046,395,764,765,512,11,1116,1122,845
스매싱볼,975,943,527,457,941,443,135,942,989
롯데시네마 김포공항,503,563,441,437,476,116,90,511,449
대한극장,746,419,463,396,67,429,800,994,479
Agarbatti DIY skin care shop,609,184,424,881,611,974,968,145,491
롯데시네마 건대입구,719,418,427,419,428,451,430,179,460
카페개네 명동,800,318,3,987,754,116,392,1109,766
CGV 명동,443,457,666,512,409,142,821,982,74
롯데시네마 월드타워,430,31,37,425,399,67,164,417,28
CGV 여의도,451,417,418,67,430,542,61,544,503
Megabox Coex,404,37,428,396,28,417,67,31,418
CGV 압구정점,800,778,1089,754,987,463,1006,435,1087
브이알존 - 용산 아이파크몰점,79,752,54,1082,469,111,93,443,978
잔쿠라 아트스페이스,972,578,569,486,89,565,154,446,1068
서울 극장,464,488,498,612,748,447,435,37,431
메가박스 아트나인,431,419,849,200,453,498,479,488,176
비트포비아 신논현,576,956,452,955,877,933,405,875,58
롯데시네마 가산디지털,764,136,43,393,503,1116,415,7,212
세븐럭카지노 강남코엑스점,896,476,952,90,502,773,835,618,407
롯데시네마 누리꿈관,597,784,952,809,428,650,399,1032,751
노리한복,558,969,493,839,509,158,65,140,81
CGV 구로,503,422,463,800,563,437,875,987,116
타요 키즈카페 은평뉴타운점,976,917,502,583,514,977,958,593,453
VR스테이션 - 강남점,427,457,512,421,942,387,989,821,756
Colorant Makeup Studio,405,111,469,151,452,752,79,860,997
유니온볼링장,944,578,747,126,989,443,387,541,941
남산타운문화체육센터,446,828,472,509,839,493,814,969,182
CGV Shinchon Artreon,464,866,488,498,748,925,934,434,418
롯데시네마 영등포,94,497,500,517,506,481,67,510,830
롯데시네마 홍대입구점,103,90,503,563,61,422,437,190,441
브이알존 엑스 - 코엑스 직영점,932,869,971,182,122,1066,839,493,509
CGV 홍대,418,842,542,103,429,67,164,430,417
올가미 이스케이프,877,946,405,956,880,576,79,436,444
오늘도 고양이,479,593,583,977,453,176,554,514,849
난지천공원,1063,1053,760,1054,1001,1041,829,714,1062
룸 익스케이프 - 신촌화이트점,981,861,997,791,992,1106,455,492,988
CGV Gangdong,786,431,787,781,803,804,762,960,473
삐에로 스트라이크,943,975,375,821,74,443,747,205,155
리얼야구존 이태원점,1000,405,874,979,609,1106,997,992,424
메가박스 신촌,943,975,527,421,871,409,1116,501,877
호텔드코드,986,462,179,476,479,958,453,593,977
세븐럭카지노 강북힐튼점,164,422,841,36,994,563,976,479,583
더왜그클럽,986,179,460,176,453,479,514,554,593
CGV 군자점,800,441,754,987,431,514,554,453,977
아트하우스 모모,488,498,431,447,434,781,783,790,789
롯데시네마 용산,483,400,223,490,518,397,58,413,385
이태원어린이공원,867,829,209,709,775,714,798,1110,192
한남볼링센타,765,1122,46,656,941,1070,764,943,842
CGV Daehangno,378,372,373,374,375,376,377,379,370
Cottage Garden Board-game & Crime-scene,469,405,383,444,151,386,387,978,752
Hanbok That Day,378,372,373,374,375,376,377,379,370
한복남 창경궁점,160,882,584,826,601,1058,603,1048,406
용산구문화체육센터,1068,446,828,971,182,869,932,509,839
Seoul International Women's Film Festival,510,473,488,497,498,500,506,517,518
뷰티인사이드,171,289,230,424,169,974,813,97,184
돔골프,378,372,373,374,375,376,377,379,370
브레이크아웃 이스케이프 홍대본점,460,514,583,176,554,479,593,958,977
서화한복,695,408,1048,119,26,858,596,594,342
서촌나들이 한복 경복궁역점,725,865,611,763,184,97,609,881,974
골프존파크 - 행당 레몬스크린점,479,593,583,977,453,176,554,514,849
우이볼링장,513,509,493,839,387,932,578,446,971
롯데시네마 에비뉴엘,948,94,858,695,497,517,417,67,449
투캣츠,952,773,124,11,392,838,37,994,784
플레이즈 라운지,400,465,575,874,687,230,688,223,626
CGV 상암,1111,37,115,417,430,94,392,73,113
브이알존,554,593,453,977,479,958,514,176,583
스타24시 동네볼링장,486,564,578,565,538,972,154,613,457
브이알존 홍대점,355,927,804,960,803,589,606,1042,267
씨네코드 선재,488,464,1056,510,495,473,431,518,434
판타스틱 엠,589,512,737,353,535,978,590,487,967
성대 볼링장,896,609,1058,137,611,603,881,601,145
강북볼링센타,609,184,424,881,611,974,968,145,491
Code Escape Gangnam,981,861,997,791,992,1106,455,492,988
스페셜박스 코인노래연습장,493,839,578,1068,501,971,558,359,932
브이알존 강남점,378,372,373,374,375,376,377,379,370
허리우드극장,510,473,488,497,498,500,506,517,518
CGV 강변,517,497,645,495,830,210,473,829,510
롯데시네마 가양점,517,503,495,473,183,210,830,510,1123
스폰지하우스,488,464,1056,510,495,473,431,518,434
잠실 자동차 극장,378,372,373,374,375,376,377,379,370
메가박스 별내점,495,473,510,94,539,1112,448,419,498
롯데시네마 합정,493,839,509,359,1068,971,969,558,446
강변스파랜드,976,442,597,784,514,977,453,583,593
롯데시네마 홍대입구,563,422,441,116,90,511,401,437,517
길동 볼링장,378,372,373,374,375,376,377,379,370
보스턴볼링장,961,948,762,783,974,97,611,609,516
CGV Gonghang Store,495,473,510,448,463,422,497,498,500
CGV Mia Store,378,372,373,374,375,376,377,379,370
이문체육문화센터,378,372,373,374,375,376,377,379,370
돈암문화스포츠센터,493,839,578,1068,501,971,558,359,932
당진시네마,510,473,488,497,498,500,506,517,518
CGV 하계,503,422,112,103,102,401,31,563,554
브이알존 시네마 가로수길점,443,427,457,420,1116,821,666,421,942
석촌볼링장,480,509,839,493,797,853,1027,843,388
CGV 신도림,479,593,583,977,453,176,554,514,849
인터파크 VR,378,372,373,374,375,376,377,379,370
성신볼링장,790,516,783,762,789,780,577,779,505
메가박스 송파 파크하비오,517,503,495,473,183,210,830,510,1123
롯데시네마 브로드웨이,488,498,473,1056,209,775,709,495,510
윤해영 한복,580,58,397,844,528,145,491,97,562
비트 포비아 홍대,378,372,373,374,375,376,377,379,370
맹쿤 라쿤카페,838,889,1007,856,990,842,930,522,1080
미어캣 프랜즈,994,176,977,583,479,514,453,958,554
아로마 타이 스파 공덕점,536,549,598,548,971,182,969,932,869
실로암 불가마 사우나,621,1116,772,595,624,544,996,939,764
레비쉬 스파,613,598,538,557,869,932,549,564,569
크레이트 웰네스,394,490,956,576,436,1080,532,413,1078
드래곤힐스파,943,975,421,457,375,944,73,459,941
스파 지 명동점,579,951,562,528,167,573,607,582,1066
스파렉스 동대문점,996,1116,824,621,108,975,144,943,4
더 스파 그랜드 하얏트 서울,743,1051,1017,369,575,851,483,1005,610
인사동 한증막,833,613,610,1092,93,527,1044,759,576
씨랄라,526,482,1022,843,342,466,688,385,394
스파 1899 동인비 - 대치점,564,154,89,486,599,538,613,214,205
프로방스 스파 바이 록시땅,839,509,493,598,541,944,446,869,578
미조 에스떼 살롱,582,573,951,579,589,588,167,528,607
신천 마사지/ 아델 힐링타이,523,549,944,467,541,548,598,534,797
2s 압구정,386,121,800,571,462,986,958,583,514
헤라,869,932,569,486,598,953,89,797,971
큐 스파 앤 클리닉,613,599,548,557,971,182,969,989,205
설화수 스파,392,56,594,596,141,562,582,951,579
스파 레이,941,670,1122,412,975,943,4,660,529
스파렉스 불한증막 사우나,451,651,164,418,78,179,331,502,90
워터킹덤 송파파크하비오점,1080,703,521,1073,1036,1120,850,785,192
더 스파 인 가든파이브,656,524,130,843,415,975,943,660,404
설화수 스파,587,993,383,940,595,877,1092,524,941
팬시스튜디오,152,1067,934,492,614,997,791,1106,455
뱀부테라피,558,125,398,56,49,107,397,971,869
네츄럴타이스파 - 압구정점,969,557,182,932,971,869,839,493,509
네츄럴타이스파 - 역삼점,525,523,89,548,538,486,613,536,578
반얀 트리 스파,1116,843,943,144,975,205,772,71,524
황금스파,147,1107,551,759,988,1061,833,1048,566
벨르테라피,608,145,97,609,611,968,491,974,424
스파 디어오가닉,97,145,881,567,970,491,611,184,609
파라곤스파,479,593,583,977,453,176,554,514,849
숲속 한방 랜드,129,431,389,392,626,200,800,784,597
해피데이스파 홍대점,943,975,205,599,1116,524,467,527,74
인스파,969,548,853,509,493,839,539,525,180
굿모닝 약손마사지,509,839,493,158,547,440,140,398,932
디 오리엔탈,378,372,373,374,375,376,377,379,370
준 타이 마사지,378,372,373,374,375,376,377,379,370
삼호 궁전 사우나,378,372,373,374,375,376,377,379,370
인사동 마사지,579,951,562,528,167,573,607,582,1066
우리유황온천,116,90,503,593,176,977,453,479,554
스파더엘,486,89,578,613,989,533,939,972,154
Samsung Leports Center,578,972,89,486,154,509,493,839,564
월드사우나24시찜질방,734,593,958,176,453,977,479,514,554
코로비아,1097,591,970,553,993,369,605,999,753
티파니스킨,346,1067,321,870,1069,526,138,676,749
오휘스파 논현,538,932,869,486,89,797,598,359,578
쑥뜸명가 - 잠실본점,378,372,373,374,375,376,377,379,370
포시즌스 스파,868,121,176,583,593,958,514,554,479
휴고 스파,378,372,373,374,375,376,377,379,370
엘림피부경락,579,951,562,528,167,573,607,582,1066
벤자롱스파 - 창2동점,378,372,373,374,375,376,377,379,370
아이뽀 - 삼성점,775,709,209,483,851,370,807,590,309
국일관,576,955,877,452,436,960,184,974,611
약손119마사지,783,762,790,789,516,825,781,776,767
삼모스포렉스,154,89,565,972,486,509,839,493,564
골든사우나,579,951,562,528,167,573,607,582,1066
바른마사지마마,519,424,968,491,609,184,145,881,611
수정탕,378,372,373,374,375,376,377,379,370
시암타이마사지,579,951,562,528,167,573,607,582,1066
골든크라운크로스핏 - 서대문역,479,593,583,977,453,176,554,514,849
중계스파밸리,1058,584,601,603,160,471,490,923,436
명동 머드 한증막,462,200,986,460,917,179,1023,800,453
콘래드 스파,378,372,373,374,375,376,377,379,370
스파 더 정,946,880,877,545,993,452,1042,588,960
River Sauna,579,951,562,528,167,573,607,582,1066
약손명가 본점,353,967,310,370,590,535,487,489,321
Utopia Spa,370,321,281,775,589,209,709,311,294
타이 팰리스,1097,591,970,553,993,369,605,999,753
잠실수양불한증막,378,372,373,374,375,376,377,379,370
올림피아 사우나,479,593,583,977,453,176,554,514,849
오투 바디앤풋,596,141,579,210,167,562,183,830,582
우 마사지,548,524,564,797,557,599,613,947,391
동대문마사지,596,141,579,210,167,562,183,830,582
봉일스파랜드,597,479,958,453,514,977,554,176,583
얼짱몸짱 이수점,869,932,797,538,182,971,509,493,839
롯데 불한증막 사우나,182,971,117,613,869,932,493,509,839
신촌 불한증막,378,372,373,374,375,376,377,379,370
씨앤미스파밸리,1058,584,601,603,160,471,490,923,436
목동헬스대중사우나,378,372,373,374,375,376,377,379,370
백록담사우나,1058,584,601,603,160,471,490,923,436
관악프라자,604,159,753,163,1123,210,183,137,830
겔랑 스파,502,781,1097,567,970,762,591,783,516
주양보석불가마사우나,927,803,804,606,1042,960,576,786,487
한성보석사우나,579,951,562,528,167,573,607,582,1066
스파 어바인,145,974,968,611,424,184,97,609,825
월드컵 스파랜드 24,609,184,424,881,611,974,968,145,491
마르지아힐링스파 청담점,531,458,536,545,613,553,993,535,608
오투,609,184,424,881,611,974,968,145,491
풍림24시불가마사우나,762,790,783,516,781,789,434,982,935
한강 사우나,564,89,486,599,578,971,182,539,525
동영휘트니스클럽,152,546,879,446,1068,1067,472,828,987
우리건강연구소,378,372,373,374,375,376,377,379,370
창덕궁,725,810,662,620,635,795,728,220,634
봉은사,634,1121,628,117,832,558,509,493,839
조계사,90,658,622,542,417,438,173,952,502
서울 한양 도성,760,1063,1054,691,675,1001,1008,1005,696
창경궁,662,729,291,1053,721,635,1010,654,678
이화여자대학교,624,524,643,41,15,42,393,29,30
명동 성당,173,199,618,438,542,502,90,778,431
홍대앞 거리,990,886,707,891,910,848,900,904,903
명동 쇼핑 거리,30,643,136,393,29,621,996,155,821
서울스카이,89,486,944,996,564,154,180,578,613
청계천,842,462,986,938,1008,1002,1001,856,1033
인사동,915,90,173,707,637,904,895,890,806
삼청동길,644,680,8,30,621,624,42,404,4
N 서울 타워,829,714,1059,1063,1061,760,1054,1053,657
동대문 디자인 플라자,171,378,131,292,300,324,328,221,326
광화문,1127,650,639,228,234,244,121,849,746
덕수궁,832,359,493,291,509,839,240,255,649
북촌 한옥마을,948,1002,899,842,719,173,199,924,698
종묘,617,832,685,649,359,839,833,509,493
남산골 한옥 마을,662,1053,739,657,620,692,676,854,1019
광화문 광장,566,641,662,734,846,909,902,204,571
서울중앙성원,890,90,401,407,915,838,837,627,542
이화 벽화마을,1088,732,655,691,706,173,694,1003,1124
서울 시청,121,102,890,631,868,442,689,627,901
세종대왕 동상,225,721,231,228,768,368,708,1118,341
충무공 이순신 동상,636,291,226,662,241,640,225,231,266
신촌,643,3,136,8,74,29,35,51,667
이대 패션거리,8,136,624,135,457,3,996,30,29
이태원,819,628,680,667,824,30,29,203,42
서울 월드컵 경기장 (상암 월드컵 경기장),503,204,563,90,116,372,422,849,496
선릉과 정릉,696,359,313,685,1114,509,493,839,1053
63시티,952,428,597,204,784,566,554,309,479
경희대학교 서울캠퍼스,1046,1114,8,3,765,764,1012,1116,1122
숭례문,634,193,359,509,839,493,85,653,819
서울로7017,597,784,1051,1119,658,1037,1032,663,703
익선동한옥거리,542,707,702,164,105,451,521,644,331
서울 대학로,667,1116,1109,648,819,395,1086,642,765
동대문 (흥인지문),765,85,679,3,643,8,819,212,46
운현궁,721,291,662,620,220,678,729,788,640
낙산 공공 미술,407,638,691,694,886,668,732,910,597
삼청각,544,772,21,843,467,130,104,59,764
청와대,739,662,629,635,729,798,325,620,640
북악산 서울 성곽,1001,650,1003,618,1046,754,734,778,676
서울 광장,1116,75,144,524,1025,550,73,1,747
동대문 시장 생선구이 골목,42,73,393,29,13,797,4,388,624
고척스카이돔,705,1109,784,597,583,453,514,176,554
경희궁,620,739,657,635,258,636,1059,291,1053
반포대교,784,597,650,1012,1021,842,735,84,865
고려대학교,1116,446,1068,751,679,680,653,1086,765
길상사,746,909,1001,243,204,751,800,958,583
코엑스,427,7,18,393,14,845,29,43,155
홍익대학교,707,652,819,644,642,918,142,1116,200
세빛섬,952,1037,1032,1114,90,773,1003,1007,674
국립 서울 현충원,699,258,675,688,713,279,368,1015,1033
정동전망대,541,941,943,975,4,660,420,1116,797
보신각,919,1127,924,707,243,1024,1012,893,895
백인제가옥,662,755,277,262,768,339,226,237,641
Statue of Gangnam Style,229,290,70,969,558,493,405,509,839
국회 의사당,856,1003,706,648,173,199,924,1026,835
독립문,760,1054,1063,248,619,727,390,906,1031
서울 정릉,1053,1019,658,1020,1043,258,681,635,620
화계사,462,986,835,438,865,179,460,381,407
서울성공회성당,291,805,788,810,716,631,654,662,620
연세대학교 신촌캠퍼스,765,653,824,46,764,1116,784,597,1122
연세로,628,644,819,3,918,8,404,142,660
몽촌토성,1043,258,768,1053,739,276,676,268,696
진관사,648,173,711,674,746,566,751,176,479
이태원 앤틱 가구 거리,50,35,62,155,41,73,975,943,205
동대문성곽공원,751,1024,585,1003,285,1033,1032,1014,1015
원각사지 10층석탑,1020,359,839,509,493,569,730,81,634
덕수궁 돌담길,734,173,319,329,633,227,658,751,571
양화진 외국인 선교사 묘원,874,400,483,458,852,465,478,575,413
KBS 온,478,368,230,483,436,400,1120,268,58
낙산 묘각사,502,976,836,900,886,442,1127,707,866
삼청공원,1036,1040,1054,1063,760,1018,1037,1032,1031
망원 한강공원,1001,994,1022,1037,1008,720,868,809,390
올림픽공원 세계평화의문,1053,760,1054,1063,620,1019,635,662,701
환구단,291,729,823,725,788,662,620,699,553
도선사,994,976,958,593,479,583,977,176,554
혜화문 (홍화문),858,210,830,1123,183,872,398,477,698
서울 석촌동 고분군,646,786,1065,276,1036,1012,1024,823,681
봉원사,457,747,1116,485,751,578,126,821,512
중앙고등학교 (겨울연가 촬영지),179,986,462,571,34,841,460,917,868
구러시아 공사관,380,363,669,829,769,763,714,368,785
북악스카이웨이,784,597,809,778,1008,1051,1037,650,994
문묘,701,802,954,812,872,771,849,928,728
한류스타거리,994,31,651,78,331,442,868,0,1026
마포대교,597,784,809,747,938,1119,1026,650,994
약현성당,292,767,328,780,779,776,300,774,324
잠실종합운동장,674,661,994,751,514,977,479,176,554
경춘선숲길,1033,1003,1006,711,1014,1027,1046,1021,390
해방촌,806,667,848,990,930,164,644,90,866
덕수궁 중명전,777,640,341,704,292,767,768,328,324
경의선책거리,209,709,466,590,807,369,575,370,309
국제선센터,990,848,384,806,452,707,886,903,623
국립 4.19 민주 묘지,1014,706,1033,1006,389,1028,258,1127,1024
화랑대역 - 폐역,286,341,1055,345,359,509,839,768,493
태릉,220,722,669,279,313,805,729,716,1019
숙정문,714,1063,879,1054,1061,365,1065,466,1053
이화벽화마을,331,173,503,734,78,76,1037,566,563
목동종합운동장,805,313,678,775,1062,763,709,739,769
뚝섬 전망문화 콤플렉스 J-Bug,331,78,336,563,849,485,958,593,583
정동교회,127,371,335,223,288,255,632,686,227
종각젊음의거리,899,159,199,924,425,842,84,418,85
창의문 (자하문),121,571,751,583,453,479,958,593,514
북촌 문화 센터,654,640,291,620,729,225,302,662,728
암사동선사주거지,370,590,713,321,358,311,1015,334,249
선유교,761,789,516,783,781,714,829,790,762
평화의소녀상,750,767,776,774,780,779,742,363,823
칠궁,478,616,220,846,580,291,865,729,913
동묘,65,193,558,509,493,839,158,730,11
광진교8번가,1063,760,1054,675,1031,1018,690,248,867
경교장,812,339,1010,243,749,364,218,228,234
우정총국,620,291,1061,725,266,693,662,657,654
헌릉과 인릉,193,213,839,493,509,871,33,534,685
문화비축기지,172,185,197,319,849,174,766,977,514
청담동 패션 거리,563,82,638,157,806,28,116,173,503
북악팔각정,458,876,27,580,729,874,629,693,184
은평 한옥마을,566,479,453,958,176,593,977,583,514
노들섬,784,597,842,1027,809,663,1012,1003,485
평화시장,56,188,47,16,62,33,52,797,193
돈의문 박물관 마을,967,954,271,353,310,489,233,338,354
영화사,378,372,373,374,375,376,377,379,370
망우리공원,805,768,657,662,1043,798,268,635,248
김포공항 전망대,370,590,952,647,790,789,783,781,775
대각사,378,372,373,374,375,376,377,379,370
광희문,724,363,750,606,355,960,763,803,804
봉화산,859,684,389,209,927,606,1042,804,355
그린월,378,372,373,374,375,376,377,379,370
빛타래,378,372,373,374,375,376,377,379,370
대오서점,453,583,554,514,479,593,176,958,977
서촌 세종마을 골목길,126,1116,142,821,996,939,457,764,144
스트리트뮤지엄,979,861,1056,455,997,992,981,1106,791
정동1928 아트센터,1098,728,812,1103,339,280,92,1076,1088
평화의 소녀상,724,767,774,776,779,780,742,704,363
북한산둘레길,514,958,176,583,554,479,453,977,593
오지엔 이 스포츠 스타디움,79,405,151,469,444,111,452,860,913
성우이용원,604,202,159,163,137,591,567,970,210
사모바위,800,987,778,453,479,514,583,593,176
풍납토성,279,308,293,672,237,302,367,311,234
피크닉,457,996,375,443,747,943,975,155,529
육군 사관학교,817,909,636,1062,153,354,551,338,377
만해 한용운 심우장,987,746,176,514,554,583,593,479,453
서울 의릉,153,1107,147,551,40,832,531,988,833
강동구립해공도서관,760,1063,1053,829,1062,714,1047,1040,1049
평화의 소녀상,783,714,829,790,516,789,762,781,770
평화의소녀상,790,516,783,762,789,780,577,779,505
종로 성당,769,780,478,805,767,363,291,779,768
창신동 네팔 음식거리,1116,772,747,765,144,437,1122,136,1046
마장동 먹자골목,126,46,764,144,871,4,11,1116,174
경리단길,766,185,172,479,514,453,593,977,583
평화의소녀상,776,767,779,774,724,750,823,516,769
평화의소녀상,323,1043,299,330,377,763,354,769,338
천주교 순교성지 새남터 기념성당,769,780,478,805,767,363,291,779,768
평화의소녀상,770,820,816,779,774,776,780,767,761
방학천 문화예술거리,701,792,802,1056,92,236,1074,630,14
성내동 쭈꾸미골목,764,1116,108,656,21,747,943,144,975
에버랜드 스피드웨이,952,90,442,917,831,597,784,583,593
평화의소녀상,776,767,779,774,724,750,823,516,769
만화의거리 재미로,209,709,466,590,807,369,575,370,309
평화의소녀상,776,767,779,774,724,750,823,516,769
평화의 소녀상,708,300,378,328,303,292,131,324,750
종로타워,754,800,431,987,1006,784,597,453,514
평화의 소녀상,776,767,779,774,724,750,823,516,769
평화의 소녀상,776,767,779,774,724,750,823,516,769
평화의 소녀상,790,516,783,762,789,780,577,779,505
와룡묘,378,372,373,374,375,376,377,379,370
평화의 소녀상,790,516,783,762,789,780,577,779,505
평화의 소녀상,597,479,958,453,514,977,554,176,583
평화의 소녀상,770,820,816,779,774,776,780,767,761
평화의 소녀상,456,787,927,516,960,781,783,1042,789
평화의 소녀상,957,786,783,960,606,1042,927,516,781
양천향교,291,678,805,810,662,302,654,620,693
평화의 소녀상,790,516,783,762,789,780,577,779,505
평화의 소녀상,790,516,783,762,789,780,577,779,505
수수보리 아카데미,981,861,997,791,992,1106,455,492,988
남인사 마당,701,802,954,812,872,771,849,928,728
역삼동성당,378,372,373,374,375,376,377,379,370
강북문화예술회관,1062,1100,735,1084,1054,810,1105,962,1108
그라운드시소 서촌,291,763,769,616,725,678,788,729,720
하동매실거리,1062,882,143,1057,128,810,805,342,194
신림동 순대타운,932,869,598,538,56,660,4,182,971
전차381호,218,245,630,361,373,131,466,328,324
서울한방진흥센터,324,300,292,328,131,378,352,303,379
연화사,754,987,554,593,958,453,479,514,176
청운문학도서관,344,354,803,804,355,338,927,960,377
일본국제교류기금 서울문화센터,701,802,954,812,872,771,849,928,728
보광사,927,803,804,606,1042,960,576,786,487
영휘원과 숭인원,927,803,804,606,1042,960,576,786,487
삼전도비,678,716,1062,763,769,739,313,906,788
언더스탠드에비뉴,707,990,563,849,994,479,977,958,514
서울특별시 교육연구정보원,851,861,492,209,775,709,1106,979,981
석굴암,378,372,373,374,375,376,377,379,370
강풀만화거리,930,784,597,751,285,893,700,895,994
석호정,1062,616,686,788,678,720,817,760,695
북한산영취사,378,372,373,374,375,376,377,379,370
주한중국문화원,728,339,701,178,170,813,169,168,133
종로홍보관,178,170,169,813,168,324,171,303,300
개포2문화센터,548,472,828,1068,446,411,998,969,182
목은선생영당,378,372,373,374,375,376,377,379,370
장충체육관,820,785,770,714,829,769,763,1064,1127
소악루,757,377,354,338,1062,258,357,636,739
e-스포츠 스타디움,378,372,373,374,375,376,377,379,370
광희동 중앙아시아거리,667,653,644,643,907,680,85,8,404
평화의 소녀상,770,820,816,779,774,776,780,767,761
대림 시장,126,747,457,7,4,982,624,765,144
장충동 족발골목,378,372,373,374,375,376,377,379,370
살곶이다리,776,767,780,774,779,724,750,693,696
몽골타운,871,943,975,529,1116,679,644,144,135
호압사,577,608,552,598,534,307,265,282,681
최규하대통령가옥,1058,584,601,603,160,471,490,923,436
마포주민편익시설,378,372,373,374,375,376,377,379,370
세곡문화센터,446,1068,472,509,839,493,814,971,869
이화장,714,1063,879,1054,1061,365,1065,466,1053
아현동 웨딩드레스거리,183,1123,830,163,216,604,596,177,349
리틀 도쿄,176,958,479,583,593,453,554,514,977
황학정국궁전시관,634,493,839,509,730,408,617,632,391
강남스타일 말춤 무대,153,960,927,803,1042,804,551,147,606
충무로 애완동물 거리,64,119,373,177,216,115,257,23,640
원 데이 코리아 - 당일 투어,905,837,502,976,836,677,842,438,416
DMZ 스파이 투어 - 당일 투어,502,976,566,689,835,653,734,442,622
슈퍼 바이크 투어,905,835,407,886,85,906,891,904,903
타기 트래블 코리아,521,407,856,84,905,890,889,1007,848
아웃도어 코리아,493,839,578,1068,501,971,558,359,932
위 사이클 코리아,947,323,405,505,385,909,886,837,79
위 라이드,868,994,571,698,164,461,865,179,846
서울 라이딩,597,784,451,1002,32,626,462,986,453
이랜드크루즈,21,656,130,550,544,46,975,943,660
안녕한복,397,869,932,56,398,797,598,548,538
버딩 코리아,388,130,666,747,11,420,512,1116,821
Bergen travel,185,172,571,197,868,902,121,766,566
관악산,462,986,1002,460,754,179,809,585,285
코리아 투어 플래너,924,990,707,886,904,890,416,866,710
SA Seoul,583,453,554,977,514,958,176,593,479
도봉산,1060,658,1036,1019,1120,543,1111,192,1092
Canyoning Korea,807,367,575,1120,861,455,492,997,522
더놀자투어 - 서울 당일 투어,865,460,677,835,746,976,462,986,176
윈터프렌드,557,509,493,839,599,525,1068,558,193
안산자락길,1053,369,1047,1019,1060,325,629,635,1013
서울 마리나 클럽 & 요트,392,916,571,597,121,849,784,583,554
월드컵 공원,389,838,986,751,192,462,521,1021,390
코리아 스크터 투어 by SYM 강남,1066,122,452,54,877,1092,138,862,421
한복소녀,872,695,830,183,210,1123,481,659,75
불암산,743,103,1018,110,389,804,826,1058,584
그날그한복 북촌점,405,469,444,111,151,440,863,79,752
Korea by local(코리아바이로컬),981,861,997,791,992,1106,455,492,988
플라이투더스카이,1066,122,857,863,880,535,933,487,946
절권도 트레이닝 스튜디오,405,152,546,452,860,1067,469,151,111
이화교복,183,830,1056,1123,210,260,667,114,171
팀맥스어드벤처,462,986,746,977,593,554,514,479,478
Budapest Cafe,999,930,18,502,707,1007,889,848,22
용마산,466,775,829,714,209,709,798,1110,192
코오롱스포렉스,571,994,841,121,554,583,593,479,977
창동문화체육센터,932,598,538,797,971,182,493,509,839
서울세그웨이,1067,933,382,384,791,568,927,492,979
더 케이 익스트림 홀리데이즈,943,975,144,1116,193,126,62,135,765
도령아씨 한복대여전문점,858,928,695,802,210,792,701,1123,830
주렁주렁 - 타임스퀘어점,522,1126,254,200,994,485,554,514,593
골든블루마리나 - 서초지점,458,483,687,584,603,184,968,826,974
hanbokdan,800,563,441,503,987,90,754,116,67
더 텐트,107,120,491,528,97,562,573,579,588
고운솔한복대여 북촌점,452,946,576,956,880,955,587,459,436
한강시민공원 광나루수영장,831,124,987,176,554,514,479,453,583
나들길,614,829,714,1029,365,1065,152,1063,1061
Happy Day Gym,880,587,877,452,167,573,606,528,607
탐라랜드,609,184,424,881,611,974,968,145,491
엔비다이버스,196,207,194,796,342,68,831,139,119
오미 요리연구소,884,897,891,889,887,904,892,908,934
쿡코리언,883,891,887,889,897,904,908,892,903
Hello K Cooking Class,903,892,908,887,888,914,891,893,900
젠김치 코리안 푸드 투어,990,900,623,848,896,837,890,746,924
케이 쿠킹클래스,884,908,891,883,889,904,892,893,888
자넷 쿠킹스튜디오 & 서울 푸드 투어,892,904,895,893,908,887,707,883,903
푸드 앤 컬쳐 아카데미,884,904,883,897,990,887,891,930,916
더 리얼 서울,848,886,637,896,924,904,401,627,915
정이의 쿠킹 클라스,883,884,887,904,892,889,908,897,11
온고 푸드 커뮤니케이션즈,908,888,885,887,891,883,900,904,889
서울헌터즈,912,906,895,930,887,891,888,766,174
itseoulgood,912,174,766,4,893,891,12,952,764
서울 푸드 투어 - 당일 투어,904,893,930,901,888,865,809,707,924
딜렉터블 트래블스,899,886,890,438,924,407,837,915,529
아이러브한식,883,884,889,904,891,887,934,892,908
Withlocals.com Private Tours in Seoul,900,912,746,887,920,893,819,197,896
투데이즈 프렌드,719,924,896,633,900,901,842,919,84
Korean Tour Guide,886,912,892,898,746,623,908,891,906
가스트로 투어 서울,895,865,924,905,886,837,912,920,904
마이 서울 트립,746,566,653,846,719,116,734,173,199
유진의 키친,990,885,891,904,887,889,884,908,886
사계절 쿠킹 클래스,891,889,895,884,883,888,887,916,897
더 술 컴파니 - 한국 술 투어,835,837,866,886,889,901,848,838,930
씨크릿 푸드 투어 서울,893,912,174,766,837,900,891,888,895
익사이팅 코리아 - 프라이빗 당일 투어,644,819,1116,824,667,1077,529,144,943
소반 코리안 쿠킹클래스,892,887,891,910,904,889,888,903,884
서울 어반 애드벤처즈,746,846,665,636,902,837,204,185,174
한국의 집,908,1087,890,887,895,904,1088,892,623
Sunny's Dining,152,546,933,934,887,892,904,885,903
Jay Choi,893,900,920,898,894,891,906,766,174
전통주갤러리,478,405,32,407,79,752,725,840,688
서울 김치 체험관,930,173,809,897,885,921,674,994,566
더 소울 오브 서울 투어,627,896,637,837,892,890,900,908,644
맷오흐께,904,908,889,986,462,940,897,895,884
베톤부르트 : 콘크리트바,442,462,986,958,479,514,554,176,583
광장 시장 푸드 투어,42,85,13,21,108,144,660,821,653
바인웍스,924,671,865,935,707,916,899,848,904
DELISH KOREA,912,886,889,895,898,901,990,865,924
한국사찰음식문화체험관,914,485,849,453,554,583,977,514,958
Traveling Spoon,842,930,521,835,920,889,884,1021,856
플레이플래닛,311,582,792,826,308,607,603,601,584
여행친구유유,848,919,899,84,719,865,707,904,901
K팬 투어,789,455,992,981,979,861,791,790,783
배추투어,842,451,179,865,902,841,563,571,462
스피크이지,927,803,804,606,1042,960,576,786,487
서울 전통 문화 체험관,872,271,802,792,589,701,855,1113,281
더 모먼트,378,372,373,374,375,376,377,379,370
foodieon,809,707,866,895,889,893,784,994,597
위드램,378,372,373,374,375,376,377,379,370
와이낫,932,598,538,797,971,182,493,509,839
SG Entertainment,366,997,803,455,804,1106,979,981,861
한솔요리학원 - 종로3가점,546,152,883,889,884,897,1067,892,908
서울 펍 크롤,919,857,937,890,904,848,936,895,707
앱솔루트 서울 펍 크롤,182,971,950,411,989,998,599,548,613
GSM테라스,989,642,828,411,420,445,96,947,1068
우드스탁,462,986,420,626,542,703,502,460,987
올댓재즈,747,126,457,18,564,821,941,29,393
믹스 & 몰트,392,952,417,916,941,90,917,585,773
르챔버,541,747,393,29,421,135,142,126,467
오케이 퐁퐁,388,104,421,443,975,943,11,996,108
골목바이닐앤펍,975,457,871,1116,421,135,527,181,375
번,613,625,445,89,486,578,527,996,142
소프 서울,955,405,452,456,469,444,151,957,111
레솔베르 시가샵 & 시가라운지,880,587,877,452,167,573,606,528,607
마익스 케빈,797,932,869,840,996,104,411,391,998
클라시코,505,961,633,580,481,899,789,790,881
더연카페 & 바,378,372,373,374,375,376,377,379,370
엔비투,411,998,869,932,989,936,421,598,538
클럽 베라,579,951,562,528,167,573,607,582,1066
로드,417,90,773,401,597,784,554,479,583
bar Cham,538,578,509,493,839,972,154,565,486
파우스트 탄즈바,1100,802,701,792,737,271,1076,1069,186
옐로우자켓 뮤직바,956,576,877,957,945,1102,1108,452,436
더블에잇,576,955,877,452,436,960,184,974,611
레인보우,787,955,962,786,1102,781,804,355,960
커피 방앗간,479,593,583,977,453,176,554,514,849
클럽 보니따 서울,378,372,373,374,375,376,377,379,370
오아시스,927,803,804,606,1042,960,576,786,487
부기우기,505,948,1108,962,1089,762,611,145,491
마미블루,783,789,790,762,1100,516,781,961,957
De La Mano,378,372,373,374,375,376,377,379,370
클럽 에프에프,951,588,528,167,579,582,607,562,573
마콘도,378,372,373,374,375,376,377,379,370
메이드인퐁당,378,372,373,374,375,376,377,379,370
제이앤제이슨,1100,589,737,1069,294,370,1108,353,1102
클럽 플렉스,609,184,424,881,611,974,968,145,491
락휴코인노래연습장 건대점,548,557,493,509,839,180,65,140,539
보바베어,1097,591,970,553,993,369,605,999,753
더 소울 바이 제스,971,599,869,932,509,493,839,486,89
After Dark,578,486,565,154,89,509,493,839,564
박스스튜디오,134,349,198,151,187,197,299,164,66
와이낫,609,184,424,881,611,974,968,145,491
헐리우드 그릴,975,457,871,1116,421,135,527,181,375
클럽 앤써,442,502,593,453,479,514,977,554,583
Bar 31B,479,593,583,977,453,176,554,514,849
마익스케빈신촌,492,979,455,1106,861,997,992,791,981
클럽 디스타,981,861,997,791,992,1106,455,492,988
몽키비치 서울,378,372,373,374,375,376,377,379,370
Minglecup,981,861,997,791,992,1106,455,492,988
더 방갈로,821,747,457,142,1122,126,415,443,427
라 끌레,378,372,373,374,375,376,377,379,370
찰스 에이치.,378,372,373,374,375,376,377,379,370
재즈잇업,548,573,881,184,582,611,528,145,609
바 마리오,986,179,460,176,453,479,514,554,593
카페 유후인,800,754,124,977,554,176,514,593,583
Show Am 7,1106,791,981,979,997,492,455,1107,992
클럽 옥타곤,613,411,564,89,486,578,998,539,950
역삼(이층)맥주창고,903,623,710,848,886,889,806,707,904
뱀파이어 홍대,378,372,373,374,375,376,377,379,370
클럽 엠투,981,861,997,791,992,1106,455,492,988
My Boss is Watching,607,579,1097,591,588,167,970,582,528
팁시래빗츠,868,479,453,176,554,514,977,583,593
브릭스,378,372,373,374,375,376,377,379,370
커피프린스 1호점,747,624,142,529,457,415,643,756,104
소울 트레인 빈티지 뮤직 라운지,981,861,997,791,992,1106,455,492,988
클럽 페이스,411,950,869,932,989,814,421,548,538
클럽 버닝썬,866,18,605,22,781,516,567,495,591
클럽 매스,458,1108,1105,405,1074,455,791,945,145
북한산 국립공원,691,1037,658,754,1024,1002,1008,389,626
여의도 한강공원,1006,842,389,1033,1021,800,1003,1012,847
한강 공원,1027,1006,1024,390,1032,1014,597,784,706
하늘공원,1004,760,1063,1054,1016,1036,619,1040,1049
남산 공원,1004,760,1063,1054,1016,1036,619,1040,1049
여의도 공원,1032,1003,1002,1033,389,390,1026,1012,800
서울 어린이 대공원,521,866,838,930,522,684,952,511,112
낙산공원,691,1001,626,734,847,390,389,1003,1006
롯데월드 아쿠아리움,660,73,943,975,397,1116,558,1071,25
동대문 역사 문화 공원,728,812,620,339,619,248,496,820,785
코엑스 아쿠아리움,486,89,48,564,989,80,410,408,565
석촌호수,1006,648,1002,1003,1024,1033,856,663,735
인왕산,1053,847,854,444,1049,1040,646,658,1001
선유도 공원,1003,711,706,1027,389,1006,1033,684,1028
용산 가족 공원,389,1028,684,390,1051,1033,674,1022,711
아차산,1063,760,1054,1049,1047,1040,1039,1051,325
서울식물원,229,313,70,493,509,839,1072,1022,389
꿈의 숲,1040,1019,1036,760,1063,1054,690,1014,389
양재 시민 공원,1018,1060,676,1065,1053,1047,854,658,692
탑골 공원,685,557,853,676,359,509,839,493,1025
경의선숲길,1002,663,856,1026,842,706,451,179,90
보라매 공원,994,691,1032,390,1033,706,868,694,1007
응봉산,754,597,784,585,842,84,940,952,917
도산 공원,1003,751,684,1001,1012,1002,1006,1027,319
뚝섬 한강공원 수영장,871,975,943,1116,800,824,659,527,524
송파나루공원,1006,390,1021,1033,1003,430,706,28,703
몽마르뜨 공원,1003,1046,765,1014,1114,1032,1006,1116,784
홍릉 수목원,1003,1015,1014,711,751,800,593,453,176
여의도 샛강 생태 공원,1063,1054,760,1059,1040,1049,1047,1003,1031
63 시월드,932,869,598,797,538,60,52,971,182
와룡 공원,1063,1054,760,1003,1027,691,1036,675,690
장충단공원,1006,1033,1119,1003,502,784,800,597,1027
삼청공원,1006,390,1002,1032,800,706,1022,389,1026
수성동 계곡,101,420,493,839,933,509,1046,730,632
마로니에 공원,1103,149,283,1098,340,92,263,1102,1065
낙성대공원,1040,690,1018,1033,1032,760,1063,1054,1027
청운공원,1001,691,668,650,1032,720,952,917,442
광나루 한강공원,761,762,783,789,790,829,516,781,714
용마폭포공원,1060,1016,192,1110,466,1065,1061,833,226
길동생태공원,1036,1054,1063,760,690,1018,1032,1060,1016
남산야외식물원,1032,1033,691,442,1037,650,390,1051,668
수락산,927,803,804,606,1042,960,576,786,487
서대문독립공원,768,284,681,276,268,323,739,368,676
백범광장,833,629,1059,1020,617,261,1029,676,531
사직 공원,291,266,1043,400,729,1036,1033,676,258
사육신공원,765,764,1027,648,144,1116,1114,420,136
서서울호수공원,325,1063,760,1054,1060,1016,1019,854,1059
북악산,551,882,147,153,1107,88,471,477,618
서울의 산과 공원,760,956,1054,1063,576,1016,877,955,1040
푸른수목원,679,759,257,1005,1004,1028,795,444,367
서울창포원,650,734,658,1041,389,1015,1008,700,1001
백사실 계곡,868,751,994,809,278,566,121,571,514
홍제천 인공폭포,1054,760,1063,692,829,714,1062,676,258
잠원한강공원,760,1063,1053,829,1062,714,1047,1040,1049
효창공원,359,493,839,509,768,252,712,1043,685
우면산,171,748,864,1103,1099,488,201,498,518
종묘광장공원,1063,796,1054,1053,760,143,285,714,1062
당남리섬,1058,584,601,603,160,471,490,923,436
서울장미공원,1061,760,1063,1053,1054,1060,662,629,668
솔밭근린공원,1061,850,1019,1059,1040,1039,1047,325,466
앙카라 공원,1059,1060,829,551,1107,147,153,714,301
일감호,794,810,817,760,805,1053,796,1063,1054
거여공원,760,1063,1053,829,1062,714,1047,1040,1049
서소문공원,380,277,820,816,785,770,301,1020,798
Hullyeonwon Park,927,714,804,1042,829,960,606,355,803
락스타클라이밍 송파 - 일일 체험,1066,588,167,455,607,582,861,997,528
리얼케이팝댄스,546,152,934,870,997,614,979,981,455
이본느모건,446,828,472,509,839,493,814,969,182
한국문화의집 코우스,954,967,1100,346,701,589,802,568,792
명동난타극장,1071,467,395,765,764,1072,420,1116,1122
쿠킹 난타,1070,1077,975,943,660,1116,869,932,994
쿠킹 난타,1070,1125,1078,1101,1105,839,509,493,1071
점프! 코믹 무술 퍼포먼스,1101,1105,1070,1082,1080,1072,1071,521,543
정동극장,990,806,868,865,924,623,841,890,897
홍대난타전용극장,871,943,975,1116,831,824,104,1079,46
세종 문화 회관,221,224,849,1109,200,812,958,453,583
뮤지컬 셰프,1116,1071,764,144,994,772,644,1075,907
쿠킹 난타,180,182,971,548,599,411,613,391,101
클라이브,39,35,16,72,165,50,74,5,1116
파이어맨,521,807,543,1073,395,1071,1081,1036,957
샤롯데 씨어터,925,933,1080,1073,366,957,540,1101,138
드럼캣,79,1101,1105,93,1073,54,1078,1072,752
페인터즈 히어로,239,1085,1091,1101,1075,748,988,405,1103
예술의전당 오페라하우스 자유소극장,1103,233,1098,749,954,794,400,1073,245
판타스틱,1083,405,1091,848,673,1075,109,1101,111
국립극장,765,1116,597,751,784,1027,664,679,680
LG 아트센터,1089,910,431,952,90,764,362,1088,200
명동 예술 극장,849,910,638,806,109,1077,1127,707,893
충무아트센터,431,1087,800,1002,842,940,418,941,754
시네코아비밥전용관,1105,988,1125,914,1072,997,153,930,455
충정로 난타극장,1108,1085,1083,84,28,961,838,325,585
사춤 시어터,383,587,857,890,938,531,545,956,576
마포아트센터,472,971,182,828,599,1068,869,446,932
롯데콘서트홀,833,261,1102,622,1121,617,960,1100,804
두산아트센터 연강홀,1109,476,460,479,593,977,958,514,554
비보이 시티 인 서울 - 쿵 (홍대 전용관),1066,1105,122,89,486,63,33,1011,582
비보이를 사랑한 발레리나,1097,591,970,553,993,369,605,999,753
동숭아트센터,1103,749,1088,769,1056,1100,763,1084,1035
두산아트센터,201,326,377,1056,354,338,307,264,630
동양 예술 극장,1103,1105,954,1102,1108,962,967,794,1109
대학로 마루아트홀,1105,64,807,1073,1082,1072,209,1100,775
성균소극장,606,1100,804,803,960,927,355,1042,955
사물놀이 한울림,1098,1100,1056,749,1084,1035,233,362,1088
Olympus Hall,378,372,373,374,375,376,377,379,370
열린극장,1101,1106,791,981,979,861,992,1100,492
강남아트홀,981,861,997,791,992,1106,455,492,988
롯데 월드 예술 극장,147,1107,551,759,988,1061,833,1048,566
오리지널 드로잉쇼 전용관,609,974,97,968,881,145,184,611,491
롯데카드 아트센터,583,554,514,479,453,593,176,958,977
Woori Financial Art Hall,192,466,1100,709,775,209,829,714,1039
별마당 도서관,484,1121,1060,26,850,857,138,402,637
코엑스 센터,22,31,90,503,563,18,51,666,37
서울도서관,868,778,121,849,571,994,977,958,554
국립중앙도서관,648,1046,765,764,1116,1122,1027,8,756
현대카드 뮤직 라이브러리,282,374,306,933,812,754,474,1096,423
서울특별시 교육청 정독도서관,144,764,747,943,871,975,772,765,457
도봉문화정보 도서관,378,372,373,374,375,376,377,379,370
서울대학교 규장각,378,131,328,369,292,300,324,630,326
롯데월드,1032,784,597,800,650,703,754,952,987
용마랜드,807,505,851,688,543,385,850,1036,521
롯데월드 스타 애비뉴,617,408,565,1125,290,558,493,833,839
다이노스타 - 용인점,765,764,1116,467,412,982,541,747,437
디보 빌리지,183,1123,830,163,216,604,596,177,349
서울빛초롱축제,132,173,638,994,751,200,566,514,583
서울불꽃축제,1072,565,1121,839,493,509,1070,1025,259
하이서울페스티벌,1109,109,873,336,485,200,849,176,958
한성백제문화제,671,849,746,1109,958,176,977,583,453
